lesson,variant,input,events,checkpoints,integrity,contract,expected_contract,replay_median_ms,replay_peak_bytes,java_wall_ms,matched
references,normal,0,12,2,PASS,PASS,PASS,0.0109,1152,558.26,True
references,broken,0,13,2,PASS,FAIL,FAIL,0.0115,1160,519.7,True
references,normal,1,12,2,PASS,PASS,PASS,0.0103,1152,528.02,True
references,broken,1,13,2,PASS,FAIL,FAIL,0.0117,1160,502.62,True
references,normal,100,12,2,PASS,PASS,PASS,0.0102,1152,493.04,True
references,broken,100,13,2,PASS,FAIL,FAIL,0.0115,1160,510.41,True
references,normal,10000,12,2,PASS,PASS,PASS,0.0106,1152,592.98,True
references,broken,10000,13,2,PASS,FAIL,FAIL,0.0115,1160,558.85,True
strategy,normal,0,18,4,PASS,PASS,PASS,0.0141,1200,568.99,True
strategy,broken,0,18,4,PASS,FAIL,FAIL,0.0142,1200,586.78,True
strategy,normal,1,18,4,PASS,PASS,PASS,0.014,1200,507.05,True
strategy,broken,1,18,4,PASS,FAIL,FAIL,0.0141,1200,537.47,True
strategy,normal,100,18,4,PASS,PASS,PASS,0.0143,1200,568.48,True
strategy,broken,100,18,4,PASS,FAIL,FAIL,0.0141,1200,518.41,True
strategy,normal,10000,18,4,PASS,PASS,PASS,0.0142,1200,578.78,True
strategy,broken,10000,18,4,PASS,FAIL,FAIL,0.0141,1200,531.08,True
state,normal,100,17,3,PASS,PASS,PASS,0.0148,1192,528.05,True
state,broken,100,14,3,PASS,FAIL,FAIL,0.0123,1168,510.72,True
observer,normal,0,29,4,PASS,PASS,PASS,0.0242,1320,521.58,True
observer,broken,0,21,4,PASS,FAIL,FAIL,0.0165,1256,488.11,True
observer,normal,1,29,4,PASS,PASS,PASS,0.0239,1320,519.59,True
observer,broken,1,21,4,PASS,FAIL,FAIL,0.0166,1256,538.94,True
observer,normal,100,29,4,PASS,PASS,PASS,0.0242,1320,538.68,True
observer,broken,100,21,4,PASS,FAIL,FAIL,0.0169,1256,582.12,True
observer,normal,10000,29,4,PASS,PASS,PASS,0.0244,1320,531.54,True
observer,broken,10000,21,4,PASS,FAIL,FAIL,0.0165,1256,486.92,True
